Company,Product Detail,Price
Swisso,Silver-Grey Analogue Black Dial Women's Watch - SWS-1133-Cloudy-Grey,369
KROGER,Analogue Blue Dial Boys & Men's Watch KRG1157,299
Xtreme,Round Multi Color Dial 3 Combo Water Resistant Watch for Men (XM-CMB-04),599
NIBOSI,Men's Watches Luxury Fashion Casual Dress Chronograph Waterproof Military Quartz Wristwatches for Men Stainless Steel Band,"2,650"
NIBOSI,Men's Fashion Ultra-Thin Mesh Belt Quartz Watch Waterproof Calendar Watches for Women Unisex,"1,700"
NIBOSI,Mens Watch Deep Blue/Black Ultra Thin Wrist Watches for Men Fashion Waterproof Dress Watch,"1,660"
ACUTAS,Silicone Band Strap for Fitbit Charge 2 / Fitbit Charge 2 HR (Size : Large),
Geonardo,Watch for Men & Boys -GNM007,299
AELO,Rose Gold Analog White Dial Girls Watch - Www1042,679
Vills Laurrens,Combo of 3 Watches for Men and Boys,499
AELO,Fashion Bracelet Analogue Gold Dial Women's Watch - Www1050,489
NARDIN,Black Dial Day and Date Functioning Men's Watch NWS052,449
Relish,Golden Chain and Dial Analog Wrist Watch for Mens,449
ADAMO,Adele Women's & Girl's Watch BG-850,287
KROGER,White Dial Brown Leather Men's Analog Watch - KRG1177,329
KROGER,Executive Analog Blue Dial Men's & Boys Wrist Watch (KRG1119),249
NARDIN,Blue Dial Day and Date Functioning Men's Watch NWS050,449
AELO,Rose Gold Analog Silver Dial Women's Watch - Www1040,689
ADK,Analogue Multi Dial Combo of 2 Men's & Boys Watch-ADK-01-02,299
REDUX,Analogue Black Dial Men's Watch - Rws0131S,279
ADAMO,Adele Women's & Girl's Watch BG-850,287
REDUX,Analogue Blue Dial Day and Date Men's Watch RWS0230S,339
TIMEWEAR,Military Series Analogue Digital Black Dial Watch For Men & Boys - 12121283,699
KROGER,Metallic Stainless Steel Analog Blue Dial Watch Men's & Boys (KRG1124),299
KROGER,Watches Combo Pack of 3 Multicolour Analog Watch for Men and Boys Watch Combo,521
REDUX,Stainless Steel Blue & Grey Dial Analog Mens Watch (RWS0042S),299
Relish,Day and Date Wrist Watch for Boys and Mens,319
Vills Laurrens,Analogue Black Dial Men's Watch (Vl-1051),349
Rexan,Foxter Pack of 3 Multicolour Analog Analog Watch for Men and Boys,399
NARDIN,Brown Dial Day and Date Functioning Men's Watch NWS051,449
Geonardo,Quartz Movemnet Black Dial Analogue Men's Watch,279
NIBOSI,Men's Watches Luxury Fashion Casual Dress Chronograph Waterproof Military Quartz Wristwatches for Men Stainless Steel Band,"2,650"
NIBOSI,Men's Fashion Ultra-Thin Mesh Belt Quartz Watch Waterproof Calendar Watches for Women Unisex,"1,700"
KROGER,Analogue Black and Blue Dial Men's Watches Combo - KRG1303,459
Geonardo,Analogue Display White Dial Chain Men's Watch,270
Talgo,Analog Black Dial Men's & Boys Watch - Tg-C-Temp,275
REDUX,Analogue Brown Dial Men's & Boy's Watch RWS0200S,329
Eddy Hager,Day and Date Men's Watch,329
Rich Club,Analogue Black Dial Men's Watch,299
Carlson Raulen,CHENXI Waterproof Mens Watch Deep Blue/Black Ultra Thin Wrist Watches for Men Fashion Dress Watch (Blue Blue),"1,099"
Geonardo,Analogue White Dial Boy'S Watch-Gdm016,299
KROGER,Analogue Black Dial Boy's & Men's Watch KRG1158,299
Hemt,Analog Grey Dial Men's Watch-HM-GR091-GRY-CH,379
KROGER,Analogue Black Dial Watch for Men and Boys,369
Geonardo,New Arrival Black dial Watch for Mens & Boys,285
REDUX,Rock Analogue Black Dial Men's Watch - Rws0138,319
Geonardo,Analogue Blue Dial Men's Watch,299
Relish,Golden Chain Analog Wrist Watch for Mens,449
KROGER,Metalic Analog White & Blue Dial Men's Watches Combo (KRG1205),499
KROGER,Metallic Analog White & Black Dial Men's Wrist Watches Combo Pack of 2 (KRG1218),499
KROGER,Quartz Movement Analogue Blue White Brown Dial Wrist Watch -Combo Set of 3,459
REDUX,Analogue Black Dial Men's & Boy's Watch RWS0106S,329
Decode,EX5042 All Black Day & Date Chain,379
REDUX,Analogue Round Blue Dial Men's Watch - Rws0139,319
KROGER,Metallic Analog Stainless Steel White Dial Men's & Boys Watch - DKRG1123,299
